model,accurary
SVC,0.9659122824668884
ANN,0.09192512184381485
CNN,0.8929868936538696
ResNet50,0.9234423041343689
